id,auction_id,title,viewed,minimum_bid,starting_bid,current_bid,proxy_bid,start_time,end_time,lot_number,bid_count,bidding_extended,description
7433850,103293,Kenwood Stereo system with Speakers &#38; Remote Control,820,200.0,1.0,190.0,0.0,2025-11-08T17:00:00-0500,2025-11-20T21:00:00-0500,1,38,False,"Complete stereo system including Tuner/Sound Processor C-F5, Stereo Integrated Amplifier A-F5, Six CD Disx Changer DP-MF7, Stereo Double Cassette Deck X-F7, Kenwood 3-way Speaker System LS-F5 Remote Control unit RC-F5 Tested & working Dimensions: 11x12x18 Pickup category timeslot {A}"
7433851,103293,Samsung Surround Sound System,466,14.0,1.0,11.0,0.0,2025-11-08T17:00:00-0500,2025-11-20T21:00:00-0500,2,12,False,"Samsung subwoofer, centre speaker system, left and right surround speakers, cables Dimensions: 6x11x14 Pickup category timeslot {A}"
7433852,103293,Two JBL Speakers 9.5”x10”x16”,602,14.0,1.0,11.0,0.0,2025-11-08T17:00:00-0500,2025-11-20T21:00:00-0500,3,7,False,Set of two JBL speakers Bring packing material Dimensions: 10x10x16 Pickup category timeslot {A}
7433853,103293,Two 43” tall JBL speakers,1690,97.0,1.0,92.0,0.0,2025-11-08T17:00:00-0500,2025-11-20T21:04:39-0500,4,35,True,JBL Loft series TR1413061 Bring packing material Dimensions: 7x11x43 Pickup category timeslot {A}
7433854,103293,New Samsung front speakers ,599,24.0,1.0,21.0,0.0,2025-11-08T17:00:00-0500,2025-11-20T21:01:00-0500,5,10,False,PS-ET3-1 new speakers Untested Missing screws to secure to base Bring packing material Dimensions: 10x3x47 Pickup category timeslot {A}
7433855,103293,Samsung Blu-Ray Disc player,357,28.0,1.0,25.0,0.0,2025-11-08T17:00:00-0500,2025-11-20T21:05:52-0500,6,17,True,Model BD-J5700 Untested Pickup category timeslot {A}
7433856,103293,Yamaha speakers,392,19.0,1.0,16.0,0.0,2025-11-08T17:00:00-0500,2025-11-20T21:01:00-0500,7,8,False,Model YST-M15 Untested Dimensions: 4x6x9 Pickup category timeslot {A}
7433857,103293,Beyer dynamic Headphones DT 511,703,3.0,1.0,2.0,0.0,2025-11-08T17:00:00-0500,2025-11-20T21:01:00-0500,8,2,False,"Beyer dynamic, made in Germany. Signs of wear Untested Pickup category timeslot {A}"
7433858,103293,D-Link Boxee Box with Remote,178,2.0,1.0,1.0,0.0,2025-11-08T17:00:00-0500,2025-11-20T21:02:00-0500,9,1,False,"D-Link Boxee Box model DSM-380 is a set-top box media player designed to stream internet and local media content to a television. Allows users to watch movies, TV shows, and access apps from the internet on their TV via an HDMI connection. Built-in Wi-Fi, Ethernet, USB ports, and an SD card slot for connecting to various media sources. The unique remote control included a full QWERTY keyboard on the back for easy searching and navigation. The Boxee Box supports a wide range of video and audio formats, including 1080p resolution content. Untested Pickup category timeslot {A}"
7433859,103293,Altec Lansing Portable Speaker &#38; Radio,231,3.0,1.0,2.0,0.0,2025-11-08T17:00:00-0500,2025-11-20T21:02:00-0500,10,2,False,"Altec Lansing inMotion iM600 portable speaker system for the iPod. This model features an integrated iPod docking station, an FM radio tuner, and an auxiliary input for other devices. It is a portable system with a built-in rechargeable lithium-ion battery, rated for over 7 hours of continuous playback. The system includes proprietary &#34;SFX Stereo Field Expander&#34; signal processing to enhance the audio soundstage. Tested & working Dimensions: 11x2x6 Pickup category timeslot {A}"
7433860,103293,"Sylvania 4-head VCR Model 6261CVB with remote, manual, &#38; cables ",317,2.0,1.0,1.0,0.0,2025-11-08T17:00:00-0500,2025-11-20T21:02:00-0500,11,1,False,"Sylvania VCR with manual, remote, & extra cables Tested & working Bring packing material Pickup category timeslot {A}"
7433861,103293,Magnasonic DVD player with Karaoke,318,8.0,1.0,7.0,0.0,2025-11-08T17:00:00-0500,2025-11-20T21:02:00-0500,12,3,False,"Model DVD816-C Includes remote & manual Plugged in, turns on, otherwise untested Pickup category timeslot {A}"
7433862,103293,Toshiba DVD &#38; VHS player with remote &#38; manuals,484,3.0,1.0,2.0,0.0,2025-11-08T17:00:00-0500,2025-11-20T21:03:00-0500,13,3,False,"Model SDV398KC2 Includes remote & manuals in English & French Includes extra cables Plugged in, lights up, otherwise untested Bring packing materials Pickup category timeslot {A}"
7433863,103293,Blue hive black wireless charging pad with LED lamp,274,6.0,1.0,5.0,0.0,2025-11-08T17:00:00-0500,2025-11-20T21:03:00-0500,14,6,False,Includes manual Untested Pickup category timeslot {A}
7433864,103293,Duracell Powermat portable charger,156,1.0,1.0,0.0,0.0,2025-11-08T17:00:00-0500,2025-11-20T21:03:00-0500,15,0,False,New in box Duracell Powermat GoPower Day Trip portable charger. This product is a power bank with a built-in 1850 mAh battery that provides extra power for iPhones and Android devices. It offers up to 100% extra battery power for an iPhone. The charger can be recharged via a micro-USB cable. It features Smart Power function which stops sending power to devices once they are fully charged. Untested Pickup category timeslot {A}
7433865,103293,Rocket fish full motion TV wall mount ,437,20.0,1.0,17.0,0.0,2025-11-08T17:00:00-0500,2025-11-20T21:03:00-0500,16,13,False,"New, open box This mount is designed for TVs between 40 and 56 inches and can hold up to 130 pounds. It offers full-motion capabilities, allowing for tilting, swiveling, and extending the TV to achieve the optimal viewing angle. The design includes built-in cable management to help maintain a clean and clutter-free look. Not checked for completeness Pickup category timeslot {A}"
7433866,103293,"5 Blu-Ray: Top Gun, Jurassic Park, Beauty &#38; The Beast",362,4.0,1.0,3.0,0.0,2025-11-08T17:00:00-0500,2025-11-20T21:04:00-0500,17,4,False,Contains 5 Blu-Ray discs in total Disney’s Diamond Edition Untested Pickup category timeslot {A}
7433867,103293,"New VHS Flipper, used VHS Balto",109,1.0,1.0,0.0,0.0,2025-11-08T17:00:00-0500,2025-11-20T21:04:00-0500,18,0,False,"Flipper movie is new, sealed packaging Balto movie is untested Pickup category timeslot {A}"
7433868,103293,Eureka Hot Shot Enviro Steamer,554,14.0,1.0,11.0,0.0,2025-11-08T17:00:00-0500,2025-11-20T21:06:13-0500,19,12,True,"Eureka Hot Shot handheld steam cleaner, Enviro Steamer model 350A. This type of device is used for cleaning and sanitizing various surfaces using high-temperature steam. It is a handheld, pressurized steam cleaner. It operates with a 1000W heating system. It is designed to be used without harsh chemicals. Untested Dimensions: 5x11x9 Pickup category timeslot {A}"
7433869,103293,Wii Fit Plus Balance Board,390,2.0,1.0,1.0,0.0,2025-11-08T17:00:00-0500,2025-11-20T21:04:00-0500,20,1,False,"Key features of Wii Fit Plus include: Customized Routines: Users can create their own personal workouts or choose from specialized routines based on fitness goals or available time. New Activities: The game adds 15 new balance and aerobics games (called &#34;Training Plus&#34;) and six new strength training and yoga activities to the original set. Wii Balance Board: The game requires the use of the Wii Balance Board peripheral, which detects and tracks the user&#39;s center of balance and measures weight. Calorie Counter: A new feature that estimates the calories burned during exercises using a metabolic equivalent of task (METS) system New, open box, not checked for completeness Pickup category timeslot {A}"
7433870,103293,Bracelets and anklets,178,1.0,1.0,0.0,0.0,2025-11-08T17:00:00-0500,2025-11-20T21:05:00-0500,21,0,False,Assorted colourful bracelets & anklets Tray not included Bring packing material Pickup category timeslot {A}
7433871,103293,Necklaces,202,2.0,1.0,1.0,0.0,2025-11-08T17:00:00-0500,2025-11-20T21:05:00-0500,22,1,False,"Assorted necklaces, various styles Tray not included Bring packing material Pickup category timeslot {A}"
7433872,103293,Pierced earrings,377,2.0,1.0,1.0,0.0,2025-11-08T17:00:00-0500,2025-11-20T21:05:00-0500,23,1,False,Assorted collection of vintage & new pierced earrings Tray not included Bring packing material Pickup category timeslot {A}
7433873,103293,2 sets of Headrest Video Monitor with Built-in DVD,318,3.0,1.0,2.0,0.0,2025-11-08T17:00:00-0500,2025-11-20T21:05:00-0500,24,2,False,"Car headrest video monitor with a built-in DVD player. These devices are designed to provide entertainment for passengers in the back seat of a vehicle. The monitor features a built-in DVD player. It includes various A/V inputs, allowing for connection to other devices. A remote control is included for easy operation. Two remotes and a Manual included Includes headphones and boxes Pickup category timeslot {A}"
7433874,103293,Sony Walkman,744,3.0,1.0,2.0,0.0,2025-11-08T17:00:00-0500,2025-11-20T21:06:00-0500,25,2,False,"Vintage Sony Walkman WM-FX113, a portable cassette player with a built-in AM/FM radio. The device features a &#34;MEGA BASS&#34; enhancement and an &#34;ANTI-ROLLING MECHANISM&#34;. It also includes AVLS (Automatic Volume Limiter System) Untested Dimensions: 4x2x5 Pickup category timeslot {A}"
7433875,103293,Kareena Watch with interchangeable bands and face,438,24.0,1.0,21.0,0.0,2025-11-08T17:00:00-0500,2025-11-20T21:06:00-0500,26,14,False,"One watch, 19 bands, a colour for every outfit and mood Includes box and instruction sheet Untested Pickup category timeslot {A}"
7433876,103293,Ceramic Japanese divided plates,458,3.0,1.0,2.0,0.0,2025-11-08T17:00:00-0500,2025-11-20T21:06:00-0500,27,2,False,"Set of 8 vintage ceramic divided plates, often referred to as a fondue or sushi plate. 9” diameter Made in Japan, circa 1960s and 1970s. The divided sections are designed to hold different foods or sauces, making them suitable for serving items like sushi, fondue, or bento boxes. The plates are made of ceramic stoneware, 4 have a green glaze, 4 are brown. The plates are also known as sectional plates or dinner trays Includes 2 boxes Pickup category timeslot {A}"
7433877,103293,Logitech Audio Station Express,178,2.0,1.0,1.0,0.0,2025-11-08T17:00:00-0500,2025-11-20T21:06:00-0500,28,1,False,"A portable multi-media stereo speaker system designed for iPods. It features a built-in iPod dock for charging and playback. The system can be powered by an AC adapter or six AA batteries, making it suitable for both home and portable use. It includes a 3.5mm auxiliary input jack for connecting other MP3 players or audio devices. The speaker system comes with a remote control and a carrying case. Untested Dimensions: 12x5x4 Pickup category timeslot {A}"
7433878,103293,AKAI 9” Portable DVD Player,570,7.0,1.0,6.0,0.0,2025-11-08T17:00:00-0500,2025-11-20T21:08:15-0500,29,5,True,"New, open box Tested & working AKAI 9-inch Portable DVD Player. Model Number: AKPDVD902D It is capable of playing DVDs, DVD+R/RW, DVD-R/RW, CDs, CD-R(RW), and Picture CDs. It features a USB and media card slot input for picture viewing, and an audio/video out for connecting to a TV. The player has a built-in rechargeable lithium battery. Includes headphones, cables, charger for car & home, manual, carrying case & box Pickup category timeslot {A}"
7433879,103293,Ceramic 18” Serving Platter &#38; Glass Double bowls,148,1.0,1.0,0.0,0.0,2025-11-08T17:00:00-0500,2025-11-20T21:07:00-0500,30,0,False,"Elegant fruit embossed white serve-ware that acknowledges the significance of presentation. Meticulously crafted. 18” Glass chip & dip bowls with metal hanger. Large bowl: 10.5”, small bowl 6” Pickup category timeslot {A}"
7433880,103293,Set of 12 China dishes,964,57.0,1.0,52.0,0.0,2025-11-08T17:00:00-0500,2025-11-20T21:07:57-0500,31,17,True,"Complete set, excellent condition Trilogy, made in China White with double gold band Classic, ageless design 12 large plates, 12 small plates, 12 bowls, 12 cups, 12 saucers Bring packing material Pickup category timeslot {A}"
7433881,103293,Decorative plates,149,2.0,1.0,1.0,0.0,2025-11-08T17:00:00-0500,2025-11-20T21:07:00-0500,32,1,False,Six decorative plates No chips Bring packing material Pickup category timeslot {A}
7433882,103293,Five German-style beer steins ,287,6.0,1.0,5.0,0.0,2025-11-08T17:00:00-0500,2025-11-20T21:08:00-0500,33,3,False,"A beer stein is a traditional beer mug, often made of stoneware, or porcelain, and frequently features a hinged pewter lid. They are a popular souvenir and collectible, often decorated with scenes or symbols related to Germany. Historically, the hinged lid was added to steins in the 14th century to help with sanitation and to prevent insects from getting into the beer See photos for wear. Bring packing material Dimensions: 3x5x7 Pickup category timeslot {A}"
7433883,103293,Serving dishes,112,1.0,1.0,0.0,0.0,2025-11-08T17:00:00-0500,2025-11-20T21:08:00-0500,34,0,False,Seven assorted serving dishes Excellent condition Bring packing material Pickup category timeslot {A}
7433884,103293,Assorted dishes ,173,17.0,1.0,14.0,0.0,2025-11-08T17:00:00-0500,2025-11-20T21:09:44-0500,35,14,True,"Some vintage, some newer Excellent condition Bring packing material Pickup category timeslot {A}"
7433885,103293,Mexican folk art 4 figurines,109,1.0,1.0,0.0,0.0,2025-11-08T17:00:00-0500,2025-11-20T21:08:00-0500,36,0,False,"Vintage Mexican folk art figurines made from papier-mâché. These figures often depict villagers performing everyday tasks. The sculptures are handcrafted and are part of a &#34;village people&#34; series. It is made using traditional techniques and materials, such as paper, clay, and wood. Bring packing material Dimensions: 4x4x13 Pickup category timeslot {A}"
7433886,103293,Woods Ivory Ware,182,1.0,1.0,0.0,0.0,2025-11-08T17:00:00-0500,2025-11-20T21:09:00-0500,39,0,False,"Made in England Floral design with yellow background and gold trim Creamer, Sugar dish, 4 plates 8” diameter Excellent condition, no chips Bring packing material Pickup category timeslot {A}"
7433887,103293,Vintage clocks,363,7.0,1.0,6.0,0.0,2025-11-08T17:00:00-0500,2025-11-20T21:09:54-0500,41,7,True,Four assorted vintage clocks Untested Bring packing materials Pickup category timeslot {A}
7433888,103293,“The Engagement” by Treasured Memories,120,1.0,1.0,0.0,0.0,2025-11-08T17:00:00-0500,2025-11-20T21:09:00-0500,42,0,False,"This is a vintage porcelain figurine titled &#34;The Engagement&#34; from the &#34;Treasured Memories&#34; collection by Enesco. The figurine, first released in 1984, depicts a man on one knee proposing to a woman seated on a settee. Excellent condition Bring packing material Dimensions: 6x5x6 Pickup category timeslot {A}"
7433889,103293,"Staffordshire jug, Festival Teapot, pottery creamer",349,2.0,1.0,1.0,0.0,2025-11-08T17:00:00-0500,2025-11-20T21:09:00-0500,43,1,False,"White Ironstone China Royal Staffordshire Pottery by Wilkinson Ltd England, note chip in interior glaze. Brown Teapot from Festival made in Taiwan Pottery creamer Bring packing material Pickup category timeslot {A}"
7433890,103293,Vintage &#38; new glassware,105,1.0,1.0,0.0,0.0,2025-11-08T17:00:00-0500,2025-11-20T21:10:00-0500,44,0,False,Vintage bottles Ice bucket Wine decanter Bring packing material Pickup category timeslot {A}
7433891,103293,Frank Marietta MCM drinking glasses in metal caddy,661,17.0,1.0,14.0,0.0,2025-11-08T17:00:00-0500,2025-11-20T21:10:29-0500,45,12,True,"Vintage Mid-Century Modern (MCM) drinking glasses in a metal caddy. The glasses are a set of frosted highball tumblers, with a gold floral and honey bee pattern. Artist Frank Maietta. The glasses are from the 1950s or 1960s 2 blue, 2 yellow, 2 white, 2 pink (note minor chip in each pink glass) Bring packing material Dimensions: 16x8x7 Pickup category timeslot {A}"
7433892,103293,"Heatmaster Tea Set, 1940’s England",483,17.0,1.0,14.0,0.0,2025-11-08T17:00:00-0500,2025-11-20T21:10:42-0500,46,8,True,"Beautiful rare Heatmaster Tea Set, baby blue with white floral pattern and gold. Excellent condition From the 1940’s, made in England Bring packing material Dimensions: 6x8x5 Pickup category timeslot {A}"
7433893,103293,Pewter creamer &#38; sugar set with tray,242,2.0,1.0,1.0,0.0,2025-11-08T17:00:00-0500,2025-11-20T21:10:00-0500,47,1,False,"Vintage pewter sugar and creamer set with a tray from Norway The set includes a lidded sugar bowl, a creamer pitcher, and a rectangular tray with a textured, grid-like pattern. Pewter is an alloy, traditionally made of tin, that was a popular material for tableware and decorative items. Some similar sets were made by companies like Haugrud Pewter from Norway. Dimensions: 9x5x4 Pickup category timeslot {A}"
7433894,103293,2 kerosene lanterns ,386,7.0,1.0,6.0,0.0,2025-11-08T17:00:00-0500,2025-11-20T21:11:00-0500,48,6,False,"2 restored vintage kerosene lanterns. The lantern on the right is a Beacon lantern, also known as a hurricane lamp or oil lantern “GSW quality”. Beacon lanterns were produced by the Sheet Metal Products Co. (SMP) of Toronto, Ontario, starting in 1911. They were known for being &#34;windproof&#34; and were used for lighting in rural areas. The lantern on the left is from Rochester NY, made in USA. “No. 2 Cold Blast” Dimensions: 7x7x21 Pickup category timeslot {A}"
7433895,103293,"Censor, incense burner ",353,2.0,1.0,1.0,0.0,2025-11-08T17:00:00-0500,2025-11-20T21:11:00-0500,49,1,False,"A censer, also known as an incense burner, a vessel used for burning incense. Stamped “SP EPNS 220” They have been used for centuries across many cultures for spiritual and religious purposes. Appears to be made of brass or a similar metal, with a perforated lid that allows smoke to escape. The design, which includes intricate carvings and a pedestal base, is a style that has been in use since ancient times Dimensions: 9x9x8 Pickup category timeslot {A}"
7433896,103293,Silver-plated copper serving dishes with glass inserts,470,4.0,1.0,3.0,0.0,2025-11-08T17:00:00-0500,2025-11-20T21:11:00-0500,50,4,False,"2 vintage silver-plated serving dishes with glass inserts. It features ornate handles and is often used to serve butter, dips, or condiments. The glass insert is designed to hold crushed ice underneath to keep the contents chilled. The markings on the bottom indicate that the item is from &#34;Essay Canada&#34; and is made of &#34;E.P. Copper Lead Mounts&#34;. &#34;E.P. Copper&#34; stands for Electroplated Copper, meaning the item is copper plated with a layer of silver. Excellent condition Bring packing material Dimensions: 6x4x2 Pickup category timeslot {A}"
7433897,103293,"Essay Canada E.P. Copper Creamer, sugar bowl, &#38; tray set",141,5.0,1.0,4.0,0.0,2025-11-08T17:00:00-0500,2025-11-20T21:11:00-0500,51,4,False,"Vintage or antique silver-plated creamer and sugar bowl set with a tray The markings include &#34;Essay CANADA&#34; and &#34;E.P. COPPER,&#34; which suggests that the item is silver-plated copper, with the silver plating being of 95.5% purity. The term &#34;E.P. COPPER&#34; stands for &#34;Electroplated Copper&#34; and is a hallmark used to indicate that an item is made of copper with a layer of silver applied through an electroplating process. Lead mounts. Note one sugar bowl handle is not attached Bring packing material Dimensions: 9x6x4 Pickup category timeslot {A}"
7433898,103293,Silver-plated basket,168,13.01,1.0,10.01,0.0,2025-11-08T17:00:00-0500,2025-11-20T21:13:54-0500,52,11,True,"The anchor symbol on the left is a hallmark for the city of Birmingham, England, and the letter P indicates the year of assay was 1889. The crown in the center is a hallmark for silver, and the anchor is a hallmark for Birmingham, England. The number 5581 is likely a pattern or serial number. The markings indicate that the item was made by Rogers & Bro, a manufacturer known for silver-plated items. Tarnishing and wear on the silver plate, as it is an older piece. Dimensions: 12x7x3 Pickup category timeslot {A}"
7433899,103293,Silver plated items,212,3.0,1.0,2.0,0.0,2025-11-08T17:00:00-0500,2025-11-20T21:13:12-0500,53,2,True,"Silver-plated serving dish, possibly for oysters or other seafood, with the maker&#39;s mark &#34;Anur E.P.N.S.&#34; engraved on the bottom. The &#34;E.P.N.S.&#34; mark stands for &#34;Electro-Plated Nickel Silver,&#34; which indicates that the item has a layer of silver plated over a base metal alloy of nickel, zinc, and copper. The shell-like shape is a common design for serving dishes, particularly for seafood. The item is a piece of silver hollowware. Oxford plate EP Copper, lead mounting, some tarnishing Dimensions: 6x6x1 Pickup category timeslot {A}"
7433900,103293,FB Rogers &#38; A Rogers goblets,81,3.0,1.0,2.0,0.0,2025-11-08T17:00:00-0500,2025-11-20T21:12:00-0500,54,2,False,FB Rogers EP brass goblet made in Spain with decorative stem A Roger EP Copper goblet made in Canada Dimensions: 3x3x5 Pickup category timeslot {A}
7433901,103293,2 Glass serving dishes,108,1.0,1.0,0.0,0.0,2025-11-08T17:00:00-0500,2025-11-20T21:12:00-0500,55,0,False,"Two vintage glass serving dishes with silver floral overlay. These are often referred to as &#34;candy dishes&#34; and are a type of silver overlay glassware. The style of the dishes, with a scalloped edge and a three-footed base, is often associated with the Art Deco period of the 1930s and 1940s. The silver overlay pattern appears to be an orchid or similar floral design Very good condition Dimensions: 7x7x2 Pickup category timeslot {A}"
7433902,103293,Heavy glass dishes,112,1.0,1.0,0.0,0.0,2025-11-08T17:00:00-0500,2025-11-20T21:13:00-0500,56,0,False,"Possibly Federal Glass Pioneer pattern serving set. Mid-20th century, often associated with the 1940s-1960s. Material: Pressed glass Excellent condition Bring packing material Dimensions: 11x11x2 Pickup category timeslot {A}"
7433903,103293,"Fondue set, baking, &#38; more",111,1.0,1.0,0.0,0.0,2025-11-08T17:00:00-0500,2025-11-20T21:13:00-0500,57,0,False,Chocolate fondue set with recipes & box Wilton Mini Hearts cake pans 3 pancake molds 15 cookie cutters Excellent condition Bring packing materials Pickup category timeslot {A}
7433904,103293,Kenmark Snowsports wheeled ski bag &#38; 2 sets of poles,147,2.0,1.0,1.0,0.0,2025-11-08T17:00:00-0500,2025-11-20T21:13:00-0500,58,1,False,"Large, heavy duty ski bag with multiple compartments, handle and wheels. 31”x12”x16” 2 sets of ski poles, 48” long Pickup category timeslot {A}"
7433905,103293,Lodge cast iron skillet &#38; gourmet charcoal,380,3.0,1.0,2.0,0.0,2025-11-08T17:00:00-0500,2025-11-20T21:13:00-0500,59,2,False,"Lodge is a well-known manufacturer of cast iron cookware, and the company has been making its products in the United States since 1896. Cast iron skillets are versatile and can be used on a stovetop, in an oven, on a grill, or over a fire. The skillet is made through a sand molding process. To care for cast iron, it should be hand-washed and dried immediately after use, then rubbed with a light coating of vegetable oil to maintain its seasoning. Gourmet mesquite 100% natural wood charcoal Dimensions: 18x12x2 Pickup category timeslot {A}"
7433906,103293,Folk art metal rooster,640,13.5,1.0,10.5,0.0,2025-11-08T17:00:00-0500,2025-11-20T21:14:00-0500,60,9,False,"This is a heavy metal rooster sculpture, often used as a decorative piece for a garden, patio, or home. It is a handcrafted piece with a rustic, weathered finish. Large, fabulous piece of art 17” long x 17” high. Dimensions: 17x4x17 Pickup category timeslot {A}"
7433907,103293,Dominion Blow Torch,306,2.0,1.0,1.0,0.0,2025-11-08T17:00:00-0500,2025-11-20T21:14:00-0500,61,1,False,"This is a vintage Dominion blow torch. The manufacturer, William Butler Machine Company, was a Canadian company based in Hamilton, Ontario, that started producing these torches in the 1940s. This type of torch was used for soldering, plumbing, and other applications that required a powerful flame. The torches were designed to burn various liquid fuels like gasoline, kerosene, or alcohol. Dimensions: 6x8x11 Pickup category timeslot {A}"
7433908,103293,Vintage hurricane lamp,313,26.0,1.0,23.0,0.0,2025-11-08T17:00:00-0500,2025-11-20T21:14:00-0500,62,10,False,"This is a vintage or antique oil lamp, also known as a kerosene lamp or hurricane lamp, with an amber-colored glass base and a decorative glass shade. The shade is a key feature, as it&#39;s made of amber glass with large, multi-colored glass cabochons (red and green) attached to it. The base of the lamp is made of amber-colored glass with a textured, possibly &#34;thumbprint&#34; or hobnail-like pattern. The lamp has a metal collar that holds the shade and the wick adjuster. Such lamps were popular for both decorative and functional purposes, providing light before the widespread use of electricity. Excellent condition, never used. Dimensions: 4x4x8 Pickup category timeslot {A}"
7433909,103293,"Set of 2 vintage Santa mugs, &#38; tree",576,43.0,1.0,40.0,0.0,2025-11-08T17:00:00-0500,2025-11-20T21:14:00-0500,63,26,False,"Made in Japan Set of 2 mugs, no chips or cracks. Heavy wear has removed some paint. Mini life-like tree. Compact 28” high x 12” diameter. Bring packing material Dimensions: 4x3x3 Pickup category timeslot {A}"
7433910,103293,24” decorated table tree kit,334,5.0,1.0,4.0,0.0,2025-11-08T17:00:00-0500,2025-11-20T21:15:00-0500,64,4,False,"Noma brand, compact tree kit. Includes box for easy storage. Dimensions: 12x12x24 Pickup category timeslot {A}"
7433911,103293,Set of 3 clear glass iridescent ornaments,294,7.0,1.0,6.0,0.0,2025-11-08T17:00:00-0500,2025-11-20T21:15:00-0500,65,7,False,"Set of 3 glass Christmas ornaments. They are spherical and teardrop-shaped, with a clear, iridescent finish. They are similar in style to glass ornaments used for holiday decorating. Exquisite and delicate, they will enhance any décor. Includes boxes. Dimensions: 3x3x5 Pickup category timeslot {A}"
7433912,103293,2 vases,114,1.0,1.0,0.0,0.0,2025-11-08T17:00:00-0500,2025-11-20T21:15:00-0500,66,0,False,"This is a two-toned stoneware crock or vase. The top section has a glossy brown finish, while the bottom is a speckled, gray and white. This style is often referred to as &#34;West German pottery&#34; or &#34;fat lava&#34; pottery, and was popular in the 1960s and 1970s. Made in Canada. Black glazed vase, unmarked. Excellent condition. Bring packing material. Dimensions: 6x6x9 Pickup category timeslot {A}"
7433913,103293,Nespresso milk frother,554,18.0,1.0,15.0,0.0,2025-11-08T17:00:00-0500,2025-11-20T21:15:00-0500,67,9,False,Includes all attachments Note cord has been taped but does not impact function Tested & working Pickup category timeslot {A}
7433914,103293,8 vintage tins,315,4.0,1.0,3.0,0.0,2025-11-08T17:00:00-0500,2025-11-20T21:16:00-0500,68,3,False,"Assorted shapes, sizes, and colours. Pickup category timeslot {A}"
7433915,103293,Pampered Chef Heritage stoneware rectangular baker,329,3.0,1.0,2.0,0.0,2025-11-08T17:00:00-0500,2025-11-20T21:16:06-0500,69,2,True,"New Pampered Chef Family Heritage Stoneware Rectangular Baker. This stoneware baking dish is a versatile pan for casseroles, lasagna, and other dishes. The unglazed interior surface is made of natural, lead-free clay. It is safe to use in the oven, microwave, dishwasher, and freezer, and can withstand temperatures up to 550F (287C). The pan becomes more seasoned and nonstick with repeated use. This specific model is part of a retired product line from Pampered Chef Dimensions: 15x9x3 Pickup category timeslot {A}"
7433916,103293,Mismatched collection of flatware,470,17.0,1.0,14.0,0.0,2025-11-08T17:00:00-0500,2025-11-20T21:16:40-0500,70,12,True,"Various vintage silver-plated flatware, also known as silverware, some from the Wm. Rogers brand. The pattern is known by several names, including ""Starlight,"" ""Claridge,"" and ""Hostess,"" and was introduced in 1939. It includes various pieces such as cutting utensils, dinner forks, salad forks, teaspoons, and soup spoons. The cutting utensils in&nbsp;this pattern have stainless steel blades. The flatware is silver-plated, which means it has a thick coating of silver over a base metal, likely brass Pickup category timeslot {A}"
7433917,103293,McCoy Yellow Ware bowl,494,2.0,1.0,1.0,0.0,2025-11-08T17:00:00-0500,2025-11-20T21:16:00-0500,71,1,False,This is a vintage McCoy Yellow Ware mixing bowl with pink and blue stripes Dimensions: 9x9x5 Pickup category timeslot {A}
7433918,103293,Pierced porcelain pedestal bowl,931,34.0,1.0,31.0,0.0,2025-11-08T17:00:00-0500,2025-11-20T21:17:00-0500,72,17,False,"This is a vintage or antique pierced porcelain pedestal bowl, also known as a compote or tazza. It features a reticulated or openwork design on the rim of the bowl and a decorative metal base. Similar items are often described as &#34;Old Paris Porcelain,&#34; &#34;Dresden,&#34; or &#34;French,&#34; The bowl is typically used as a decorative centerpiece or for holding fruit. Excellent condition, no chips, cracks, or grazing. Porcelain made in Japan, metal base made in Spain The style is often associated with the 19th century Dimensions: 10x10x8 Pickup category timeslot {A}"
7433919,103293,Girl with rabbits figurine,252,3.0,1.0,2.0,0.0,2025-11-08T17:00:00-0500,2025-11-20T21:17:00-0500,73,2,False,"This is a vintage ceramic figurine of a girl with a rabbit, possibly made by Nanco Products in Boston, Massachusetts, or Arnart Creations. The figurine was manufactured in Japan and is a collectible item. Origin: Made in Japan Type: Ceramic figurine Condition: Used, with signs of dust but excellent condition with no chips or cracks. Dimensions: 4x2x6 Pickup category timeslot {A}"
7433920,103293,School Boy and dog figurine,230,3.0,1.0,2.0,0.0,2025-11-08T17:00:00-0500,2025-11-20T21:17:00-0500,74,2,False,"This is a vintage porcelain figurine of a boy and a dog, possibly produced by Arnart Creations of Japan. The figurine is often referred to as &#34;Schoolboy & Terrier Dog&#34;. Arnart Creations was known for producing figurines in the style of the popular Hummel figurines. The company used various marks and stickers, including &#34;Arnart Creations Japan&#34; and &#34;Arnart 5th Ave.&#34;. The figurine is hand-painted and made of porcelain Excellent condition Dimensions: 4x2x6 Pickup category timeslot {A}"
7433921,103293,2 Vintage spotted dogs figurines,201,2.0,1.0,1.0,0.0,2025-11-08T17:00:00-0500,2025-11-20T21:17:00-0500,75,1,False,Two vintage spotted dogs Dimensions: 2x2x3 Pickup category timeslot {A}
7433922,103293,Vintage baby face mug,495,69.0,1.0,64.0,0.0,2025-11-08T17:00:00-0500,2025-11-20T21:18:00-0500,76,19,False,"This is a vintage ceramic planter or mug shaped like a baby doll&#39;s head. It is a mid-century piece, often attributed to the kitschy style of the 1950s–1960s. Hand decorated Shafford The item is often referred to as a &#34;creepy doll head&#34; vase or planter due to its appearance. These items were sometimes sold as nursery decorations. Excellent condition Dimensions: 4x3x4 Pickup category timeslot {A}"
7433923,103293,Enesco 1950’s lady head vase,1285,21.0,1.0,18.0,0.0,2025-11-08T17:00:00-0500,2025-11-20T21:18:00-0500,77,14,False,"Vintage ceramic lady head vase. Hand decorated. These vases were popular collectibles in the mid-20th century, manufactured in Japan by companies like Enesco. Lady head vases were originally created by florist companies to sell small bouquets. Vintage Enesco #4146 oriental lady head vase, which was made in the 1950s. Excellent condition Dimensions: 4x4x7 Pickup category timeslot {A}"
7433924,103293,Old Royal bone China teacups &#38; saucer sets,180,2.0,1.0,1.0,0.0,2025-11-08T17:00:00-0500,2025-11-20T21:18:00-0500,78,1,False,"3 teacup and saucer set from Old Royal Bone China, which was established in 1846 in England. One set features a floral pattern with pink roses and gold trim. One set features roses with gold trim. One set features yellow & green leaf design with red berries and gold trim. The company was also known as Sampson Smith Ltd. Made of bone china, a type of porcelain known for its delicate beauty and strength. The backstamp on the saucer, which includes the words &#34;OLD ROYAL BONE CHINA ENGLAND&#34; and the establishment date of 1846, is a key identifier of the brand. Excellent condition Holders not included Pickup category timeslot {A}"
7433925,103293,Alfred Meakin 18 kt solid gold trim cup &#38; saucer ,121,1.0,1.0,0.0,0.0,2025-11-08T17:00:00-0500,2025-11-20T21:18:00-0500,79,0,False,"Vintage Alfred Meakin &#34;Kingsdale&#34; teacup and saucer set. The set is made of china from Alfred Meakin, a company based in England. The pattern is called &#34;Kingsdale&#34; and features a maroon or red band with an 18-karat solid gold trim. The Kingsdale pattern was manufactured in the 1950s. Very good condition Holder not included Pickup category timeslot {A}"
7433926,103293,Empress teacup &#38; saucer set,100,1.0,1.0,0.0,0.0,2025-11-08T17:00:00-0500,2025-11-20T21:19:00-0500,80,0,False,Teacup and saucer from the Royal Doulton &#34;Empress&#34; collection. The set is made of English fine bone china. Produced by Royal Doulton Tableware Ltd. in 1980. The design features a blue and gold pattern. This collection was inspired by the Library Room at the Fairmont Empress hotel Excellent condition Holder not included Pickup category timeslot {A}
7433927,103293,Wedgwood bone China tea &#38; saucer set ,218,3.0,1.0,2.0,0.0,2025-11-08T17:00:00-0500,2025-11-20T21:19:00-0500,81,2,False,"Cup and saucer from the Wedgwood Agincourt Blue & Gold pattern. The pattern features a teal-blue band with a floral design and gold trim. The mark on the bottom of the saucer indicates that it is made of bone china and manufactured in England. Wedgwood is a well-known brand of fine ceramics with a history of over 260 years. The company is known for its quality, innovative British design, and timeless elegance. Excellent condition Holder not included Pickup category timeslot {A}"
7433928,103293,Royal Leighton Ware cup &#38; saucer set ,162,2.0,1.0,1.0,0.0,2025-11-08T17:00:00-0500,2025-11-20T21:19:00-0500,82,1,False,&#34;Royal Leighton Ware&#34; from England. Royal Leighton Ware is a type of collectible English pottery. Green with floral interior and gold trim. The company that made this type of pottery was originally named Hulme and Booth in 1851 and later renamed Burgess & Leigh. See photos for wear Holder not included Pickup category timeslot {A}
7433929,103293,Chinese porcelain cup &#38; saucer set,139,2.0,1.0,1.0,0.0,2025-11-08T17:00:00-0500,2025-11-20T21:19:00-0500,83,1,False,"Gorgeous set with red, floral and gold trim. Mark found on the base of a piece of Chinese porcelain. The mark, which is written in a form of seal script, reads &#34;Zhongguo Chao Cai&#34; (中國潮彩). This translates to &#34;Decorated at Shantou in China&#34; or &#34;enameled ware from Chao Zhou, China&#34;. The term &#34;Chao Cai&#34; refers to a style of ceramics originating from the Chaozhou area of China. These pieces are often decorated with a &#34;thousand flower&#34; or &#34;millefleurs&#34; design. The text &#34;SUPERVISED BY XIE&#39;S&#34; is a separate mark, likely indicating the artist or a studio involved in the piece&#39;s production. Excellent condition Holder not included Pickup category timeslot {A}"
7433930,103293,Chinese seal with rabbit and decorative box,313,28.0,1.0,25.0,0.0,2025-11-08T17:00:00-0500,2025-11-20T21:23:16-0500,84,14,True,"This is a Chinese seal stamp, also known as a &#34;chop&#34; or &#34;yin zhang.&#34; Seals have been used in China for over 3,000 years, functioning as a form of signature for official documents, paintings, and calligraphy. The seal is typically made of stone, such as soapstone or Shoushan stone. The top of the seal is often carved with a rabbit. The bottom of the seal is engraved with characters, which can be the owner&#39;s name, pen name, or a phrase. Seals are used with ink, not wax, and are still used today by government institutions and for personal business transactions. Includes decorative box. Dimensions: 1x1x3 Pickup category timeslot {A}"
7433931,103293,Baoding Iron Balls,249,4.0,1.0,3.0,0.0,2025-11-08T17:00:00-0500,2025-11-20T21:20:00-0500,85,3,False,"Baoding Iron Balls, famed as one of the &#34;three treasures&#34; of Baoding, China, is a traditional product renowned at home and abroad. The production of baoding Iron Ball dates back to the Ming Dynasty (1368 - 1644), and it has been being made meticulously by Baoding handicraftsmen through the ages. Originally, the Baoding Iron Ball was a solid ball, and afterwards it is designed hollow with a sounding plate in it. Of a pair of balls, one sounds high and one low. It is a treasure necessary for the aged to build up physical strength and remove diseases. Excellent condition Dimensions: 5x3x3 Pickup category timeslot {A}"
7433932,103293,Royal Albert bone China cup &#38; saucer set,255,2.0,1.0,1.0,0.0,2025-11-08T17:00:00-0500,2025-11-20T21:20:00-0500,86,1,False,"Teacup and saucer set from Royal Albert, a brand known for its fine bone china. Royal Albert has been producing bone china for over a century and is known for its floral designs. The company was founded during the Victorian era and became internationally popular in the 20th century. The brand was acquired by Royal Doulton in 1972 and is now part of the Fiskars Group. The backstamp on the saucer, which reads &#34;ROYAL ALBERT Bone China ENGLAND,&#34; Excellent condition Holder not included Pickup category timeslot {A}"
7433933,103293,Victorian dancing couple figurine music box,323,6.0,1.0,5.0,0.0,2025-11-08T17:00:00-0500,2025-11-20T21:20:00-0500,87,5,False,"This is a vintage Kato Kogei music box featuring a Victorian dancing couple figurine. The music box was manufactured in Japan, likely between 1900-1939. It is described as a &#34;Liadro style&#34; dancing pottery doll. The figurine is made of porcelain with a blue and white design and features a floral dress with gold accents. Excellent condition Plays music when wound up Dimensions: 6x6x8 Pickup category timeslot {A}"
7433934,103293,Royal Art Pottery jug,200,2.0,1.0,1.0,0.0,2025-11-08T17:00:00-0500,2025-11-20T21:21:00-0500,88,1,False,"Vintage porcelain jug made by Royal Art Pottery of England. The jug features a hand-painted, psychedelic lustre glaze with various colors. Royal Art Pottery was founded in Longton, England, around 1930. The piece is considered Art Deco in style. Excellent condition Dimensions: 5x3x7 Pickup category timeslot {A}"
7433935,103293,Speckled ceramic vase,181,11.0,1.0,10.0,0.0,2025-11-08T17:00:00-0500,2025-11-20T21:22:53-0500,89,9,True,"This is a ceramic pitcher or vase with a drip glaze finish. The style is reminiscent of mid-century modern design, often featuring a textured or volcanic glaze with a combination of earthy and vibrant colors. Yellow, orange, and brown. Excellent condition Dimensions: 4x3x9 Pickup category timeslot {A}"
7433936,103293,Vintage orange deer figurine,228,5.0,1.0,4.0,0.0,2025-11-08T17:00:00-0500,2025-11-20T21:21:24-0500,90,4,True,"Based on the markings on the bottom, this is a ceramic figurine by Bertach. The figurine is a stylized deer or fawn. The markings &#34;Bertach,&#34; &#34;Canada,&#34; and &#34;0-302&#34; are visible on the base. It appears to be made of unglazed, matte orange-colored ceramic. Excellent condition Dimensions: 4x3x11 Pickup category timeslot {A}"
7433937,103293,Hand painted porcelain plate,104,1.0,1.0,0.0,0.0,2025-11-08T17:00:00-0500,2025-11-20T21:21:00-0500,91,0,False,"This may be a Royal Vienna porcelain plate. These plates are known for their hand-painted neoclassical scenes and decorative designs. The plate features a hand-painted scene of classically robed women, sometimes identified as &#34;Sappho&#34;. The decorative border is typically a combination of hand-painted gold gilding with green and blue panels. The plates are often referred to as &#34;cabinet plates&#34; or &#34;collector plates&#34; and were made in Austria. Excellent condition Dimensions: 8x8x1 Pickup category timeslot {A}"
7433938,103293,Newhall English fine bone China trinket box,166,2.0,1.0,1.0,0.0,2025-11-08T17:00:00-0500,2025-11-20T21:22:00-0500,92,1,False,"This is a vintage Newhall English Fine Bone China trinket box. The company was founded in 1781 by a group of potters who acquired the patent rights from Richard Champion. Product: Newhall English Fine Bone China trinket box Pattern: Often features a bird of paradise or similar floral motifs Material: English fine bone china Origin: Staffordshire, England Excellent condition Dimensions: 3x2x2 Pickup category timeslot {A}"
7433939,103293,Wooden &#38; copper trinket box,219,2.0,1.0,1.0,0.0,2025-11-08T17:00:00-0500,2025-11-20T21:22:00-0500,93,1,False,"Vintage wooden box with copper covering. It has a decorative top and a circular label on the front that says &#34;SAGITTA&#34; made in Holland. Seahorse and marine life top. Excellent condition inside, signs of wear on copper. Dimensions: 4x4x1 Pickup category timeslot {A}"
7433940,103293,Russian folk art tableware,155,1.0,1.0,0.0,0.0,2025-11-08T17:00:00-0500,2025-11-20T21:22:00-0500,94,0,False,"This is a set of Khokhloma wooden tableware, a traditional Russian folk art style. Khokhloma is a style of wood painting known for its vivid floral patterns, often featuring red berries and gold leaves on a black background. The art originated in the 17th century in the Nizhny Novgorod region of Russia. The &#34;golden&#34; appearance is created by a special gilding technique that uses tin or aluminum powder and linseed oil, not real gold. Khokhloma items are both decorative and functional, as the lacquer finish makes them durable and safe for use with food and drink. Excellent condition. Dimensions: 4x4x3 Pickup category timeslot {A}"
7433941,103293,Ceramic trinket box,101,1.0,1.0,0.0,0.0,2025-11-08T17:00:00-0500,2025-11-20T21:22:00-0500,95,0,False,"This is a vintage ceramic trinket box shaped like an old-fashioned iron. It is hand-painted with a floral design and has a hinged lid. The trinket box is often attributed to having been made in Italy, possibly by the Bassano company. The glaze shows some crazing, which is a network of fine cracks that adds to its vintage look. Note chip on lid Dimensions: 5x3x5 Pickup category timeslot {A}"
7433942,103293,Ceramic pencil holder,138,2.0,1.0,1.0,0.0,2025-11-08T17:00:00-0500,2025-11-20T21:23:00-0500,96,1,False,This is a vintage ceramic dog house pencil holder with the phrase &#34;PENCIL STEALERS- BEWARE OF THE DOG&#34; on the front Signs of wear including small chips. Made in Japan Dimensions: 3x3x3 Pickup category timeslot {A}
7433943,103293,Doe &#38; fawn ceramic planter,291,2.0,1.0,1.0,0.0,2025-11-08T17:00:00-0500,2025-11-20T21:23:00-0500,97,1,False,"Vintage, mid century modern Filled with wax for floral arrangements. Hand decorated. Good condition. Dimensions: 6x3x5 Pickup category timeslot {A}"
7433944,103293,"Pink carafe with lid, daisy design",148,2.0,1.0,1.0,0.0,2025-11-08T17:00:00-0500,2025-11-20T21:23:00-0500,98,1,False,"This is a glass cruet, a small vessel often used for holding and pouring liquids like oil, vinegar, or other condiments. Cruets typically have a flat bottom, a narrow neck, and a spout or lip for pouring. This specific cruet has a pink, iridescent body with a clear handle and a ruffled rim. It is decorated with a painted daisy pattern. No chips or cracks. Dimensions: 4x4x4 Pickup category timeslot {A}"
7433945,103293,Blue Mountain Pottery duck,373,8.0,1.0,7.0,0.0,2025-11-08T17:00:00-0500,2025-11-20T21:23:41-0500,99,7,True,"This is a vintage Blue Mountain Pottery duck figurine. Blue Mountain Pottery was a Canadian company based in Collingwood, Ontario, that operated from 1953 to 2004. The figurine is known for its distinctive &#34;drip glaze&#34; technique, which creates a unique flowing green and black pattern. Excellent condition. Dimensions: 4x3x5 Pickup category timeslot {A}"
7433946,103293,"Libbey Hostess salt &#38; pepper service with box, &#38; other set ",242,3.0,1.0,2.0,0.0,2025-11-08T17:00:00-0500,2025-11-20T21:24:00-0500,100,2,False,Vintage Libbey Hostess Salt & Pepper Service set. This set features clear glass shakers with a red swirl pattern. It comes in a red and black checkered box with &#34;Libbey Hostess Salt & Pepper Service&#34; printed on it. These sets are considered collector&#39;s items. Second different set included Dimensions: 3x4x2 Pickup category timeslot {A}
7433947,103293,Mexican pottery cat figurine,215,10.0,1.0,9.0,0.0,2025-11-08T17:00:00-0500,2025-11-20T21:27:10-0500,101,11,True,"Pottery cat figurine, possibly from the Ken Edwards studio in Mexico. The figurine is a hand-painted ceramic piece featuring floral and bird motifs. Pieces from the Ken Edwards studio are known for their unique, hand-painted designs. Unsigned. The Tonala region of Jalisco, Mexico, is famous for its folk art pottery, which reflects centuries of tradition. The style is sometimes referred to as &#34;El Palomar&#34; pottery. Excellent condition. Dimensions: 3x3x5 Pickup category timeslot {A}"
7433948,103293,Wine opener set,213,3.0,1.0,2.0,0.0,2025-11-08T17:00:00-0500,2025-11-20T21:24:00-0500,102,2,False,"Wine opener set, also commonly referred to as a corkscrew wine opener kit. Includes various tools for opening and preserving wine. The set includes a lever-style corkscrew, a foil cutter, a wine pourer, and a vacuum wine stopper. The main opener is a lever corkscrew, designed for easy removal of corks. The foil cutter is used to remove the foil from the top of the wine bottle. The wine pourer is designed to prevent spills and aerate the wine as it is poured. The vacuum stopper is used to seal an opened bottle and preserve the wine. Dimensions: 8x2x8 Pickup category timeslot {A}"
7433949,103293,3 Guinness World Records books,88,1.0,1.0,0.0,0.0,2025-11-08T17:00:00-0500,2025-11-20T21:24:00-0500,103,0,False,"Hardcover books, 2009, 2012, 2013 Excellent condition Dimensions: 9x1x12 Pickup category timeslot {A}"
7433950,103293,"Collectible bags from Eaton’s &#38; The Bay, &#38; Simpsons box",316,1.0,1.0,0.0,0.0,2025-11-08T17:00:00-0500,2025-11-20T21:25:00-0500,104,0,False,2 The Bay bags 6 Eaton’s bags 1 Simpsons box Used condition Pickup category timeslot {A}
7433951,103293,2 pedometers ,108,1.0,1.0,0.0,0.0,2025-11-08T17:00:00-0500,2025-11-20T21:25:00-0500,105,0,False,Weight watchers winning points pedometer and walking guide Thermor pedometer Both untested. Pickup category timeslot {A}
7433952,103293,"Bombay porcelain vases, set of 2",363,1.0,1.0,0.0,0.0,2025-11-08T17:00:00-0500,2025-11-20T21:25:00-0500,106,0,False,"This is a pair of Bombay Company chinoiserie blue and white porcelain vases with a floral design. Small crack in one, as seen in photos. Bring packing material. Dimensions: 5x5x13 Pickup category timeslot {A}"
7433953,103293,Chefman Rotating Belgium waffle maker,557,7.0,1.0,6.0,0.0,2025-11-08T17:00:00-0500,2025-11-20T21:25:00-0500,107,6,False,"The waffle maker has a 180-degree rotating design to ensure even cooking of waffles. It features a non-stick surface and an adjustable temperature dial. The rotating design helps the batter to fully coat the cooking plates. It makes 1-inch thick, 7-inch round waffles with extra deep pockets. Great condition, tested & working. Dimensions: 8x14x8 Pickup category timeslot {A}"
7433954,103293,Portable shelving unit,74,1.0,1.0,0.0,0.0,2025-11-08T17:00:00-0500,2025-11-20T21:26:00-0500,108,0,False,"New, open box, unassembled Dimensions of the assembled product: H 31&#34; x W 24&#34; x D 16&#34; (H 79cm x W 61cm x D 41cm). The product was made in Canada. The manufacturer, Mylex, was located in Etobicoke, Ontario. Not checked for completeness. Dimensions: 24x16x31 Pickup category timeslot {A}"
7433955,103293,Napoleon PRO pizza stone,234,5.0,1.0,4.0,0.0,2025-11-08T17:00:00-0500,2025-11-20T21:26:00-0500,109,4,False,"Napoleon PRO Pizza Stone. This baking stone is designed for use on a barbecue grill or in an oven. The porous stone helps to create a crispy crust by pulling moisture away from pizza, bread, and pastries. It is made of cordierite and is resistant to frequent temperature changes. The surface of the stone is designed not to retain odors or flavors Dimensions: 18x15x1 Pickup category timeslot {A}"
7433956,103293,2 fondue sets,73,2.0,1.0,1.0,0.0,2025-11-08T17:00:00-0500,2025-11-20T21:27:06-0500,110,1,True,"Nothing goes over better than chocolate fondue for dessert, or takes so little effort. You can start it off directly in our stoneware fondue pot using your microwave oven to melt the chocolate. This set is also ideal for sweet or savoury sauces and melted butter. Our tea-light heated pot will keep them warm and flowing while you and your guests spear, dip and swirl. Capacity 230 mL / 8 fl oz. real Set includes: • stoneware pot • four colour-coded forks • stoneware stand • one tea light candle PC new, open box 7-piece fondue set for chocolate and sauces. Giftable condition. West Bend used electric fondue pot, tested and working. Dimensions: 13x7x6 Pickup category timeslot {A}"
7433957,103293,Crockpot Little Dipper Warmer,142,2.0,1.0,1.0,0.0,2025-11-08T17:00:00-0500,2025-11-20T21:26:00-0500,111,1,False,"The original slow cooker. New, includes owners guide. Working condition. Plugged in & heats up. Dimensions: 6x6x7 Pickup category timeslot {A}"
7433958,103293,Mango wood bowl,513,8.6,1.0,7.6,0.0,2025-11-08T17:00:00-0500,2025-11-20T21:27:00-0500,112,9,False,Olive & Thyme fine home products Mango wood has remarkable varieties of grains to enhance your home decor. Mango wood serving bowl is the perfect way to serve the most amazing salads or serving meals to all your guests. The beautifully crafted bowl is made of naturally strong and durable mango wood built to last. Featuring a beautiful design that really sets the mood for any type of event. Dimensions: 12x12x6 Pickup category timeslot {A}
7433959,103293,Set of 8 side plates,139,1.0,1.0,0.0,0.0,2025-11-08T17:00:00-0500,2025-11-20T21:27:00-0500,113,0,False,"Made in Japan Linear Stoneware alpha #815 plates Safe for oven, dishwasher, microwave oven. Dimensions: 7x7x1 Pickup category timeslot {A}"
7433960,103293,4 side plates,68,1.0,1.0,0.0,0.0,2025-11-08T17:00:00-0500,2025-11-20T21:27:00-0500,114,0,False,Royal Porcelain 228 Montana made in Thailand Noritake Ivory China 7306 Chandon made in Japan Nikko fine China White Lace Patra made in Thailand Dimensions: 8x8x1 Pickup category timeslot {A}
7433961,103293,Royal Armoury of Madrid mini figurines,63,1.0,1.0,0.0,0.0,2025-11-08T17:00:00-0500,2025-11-20T21:27:00-0500,115,0,False,"Two miniature replica of a suit of armor from the Royal Armoury of Madrid. * The armor is from the late 15th century and belonged to the Constables of Castile. * The horse&#39;s caparison is decorated with lions and castles. * The breastplates were designed to protect the rider from the sun. Bottom tag Translation: * MADRID. ROYAL ARMOURY * War armor, late 15th century, of the Constables of Castile. * Sun-protecting breastplates for the rider, as well as the caparisons with lions and castles. The armor is a replica of Emperor Charles V and was worn during the Battle of Mühlberg in 1547. * The item is from the Royal Armoury (Real Armería) in Madrid. Bottom tag Translation: * Madrid. Royal Armoury * Armour of Emperor Charles V that he wore in the Battle of Mühlberg, year 1547. Note damage seen in photos Dimensions: 2x3x4 Pickup category timeslot {A}"
7433962,103293,Cue repair kit and wall mount for 6 cues,76,2.0,1.0,1.0,0.0,2025-11-08T17:00:00-0500,2025-11-20T21:28:00-0500,116,1,False,Gently used cue repair kit Top and bottom wooden wall mount to hold 6 cues. No screws. Dimensions: 15x3x3 Pickup category timeslot {A}
7433963,103293,Vivitar 4x30 binoculars,289,4.0,1.0,3.0,0.0,2025-11-08T17:00:00-0500,2025-11-20T21:28:00-0500,117,3,False,"Magnification: 4x magnification, meaning they make objects appear four times closer than they are to the naked eye. Objective Lens Diameter: 30mm. Features: They have a center-wheel focus design and a porro prism optical construction, which provides a sharp and wide view. Included accessories: The binoculars come with a carrying case and a neck strap Dimensions: 4x2x4 Pickup category timeslot {A}"
7433964,103293,Game of Thrones books 1-4,192,14.0,1.0,11.0,0.0,2025-11-08T17:00:00-0500,2025-11-20T21:28:00-0500,118,13,False,"The first four books of the A Song of Ice and Fire series by George R. R. Martin. The books are: A Game of Thrones (Book 1) A Clash of Kings (Book 2) A Storm of Swords (Book 3) A Feast for Crows (Book 4) This series is the basis for the popular HBO television show Game of Thrones. The books are known for their complex characters, multiple plotlines, and a fictional world with long, unpredictable seasons. Excellent condition Dimensions: 6x2x9 Pickup category timeslot {A}"
7433965,103293,C. S. Lewis The Chronicles of Narnia,198,2.0,1.0,1.0,0.0,2025-11-08T17:00:00-0500,2025-11-20T21:28:00-0500,119,1,False,6 books in the Chronicles of Narnia Dimensions: 5x1x8 Pickup category timeslot {A}
7433966,103293,Classic books,148,1.0,1.0,0.0,0.0,2025-11-08T17:00:00-0500,2025-11-20T21:29:00-0500,120,0,False,6 books by well known authors Pickup category timeslot {A}
7433967,103293,Books,74,2.0,1.0,1.0,0.0,2025-11-08T17:00:00-0500,2025-11-20T21:29:00-0500,121,1,False,"Danielle Steel, Linwood Barclay & C. Buchanan Very good condition. Pickup category timeslot {A}"
7433968,103293,Henry Thomas &#38; Sons bowl,78,10.21,1.0,9.21,0.0,2025-11-08T17:00:00-0500,2025-11-20T21:32:28-0500,122,12,True,"Vintage or antique brass bowl. The hallmarks &#34;H.T&S EPNS MADE IN ENGLAND&#34; indicate that it was made by H.T. & S. (Henry Thomas & Sons) and is electro-plated nickel silver, not solid brass. The item is a type of decorative bowl, possibly for serving nuts or candy, or for holding trinkets. The &#34;EPNS&#34; mark stands for &#34;Electro-Plated Nickel Silver&#34;. The mark &#34;H.T&S&#34; is the hallmark for Henry Thomas & Sons, an English company Dimensions: 11x8x10 Pickup category timeslot {A}"
7433969,103293,Fire-King Peach Luster casserole dish,172,9.0,1.0,8.0,0.0,2025-11-08T17:00:00-0500,2025-11-20T21:30:23-0500,123,7,True,"Excellent condition. Vintage Fire-King Peach Luster casserole dish. 1 1/2 quart. Made in USA. Fire-King is a line of glassware produced by Anchor Hocking, which began production in the 1940s. * The Peach Luster color was a popular line of cookware and kitchenware. Made of glass and were designed to be oven-safe and durable. Dimensions: 10x8x3 Pickup category timeslot {A}"
7433970,103293,Pyrex &#38; Anchor glass ,94,1.0,1.0,0.0,0.0,2025-11-08T17:00:00-0500,2025-11-20T21:30:00-0500,124,0,False,"Pyrex 221 glass casserole dish. Glass lid. Anchor 1.5 qt casserole dish. Pyrex dishes are oven, microwave, freezer, and dishwasher safe. The glass lids are designed to keep food moist while cooking and fresh in the refrigerator. Excellent condition. Bring packing material. Dimensions: 11x9x3 Pickup category timeslot {A}"
7433971,103293,"Demitasse cups &#38; saucers, commemorative",92,1.0,1.0,0.0,0.0,2025-11-08T17:00:00-0500,2025-11-20T21:30:00-0500,125,0,False,"Set of 3 Porcelain demitasse cups and saucers with gold trim commemorating the coronation of King Edward VIII. Excellent condition. The coronation was scheduled for May 12, 1937, but never took place because Edward VIII abdicated the throne in December 1936. The text on the cup reads, &#34;GOD BLESS OUR KING EDWARD VIII - REX, IMPERATOR&#34;. Made in Japan for export to the British Empire. Bring packing material. Dimensions: 4x4x3 Pickup category timeslot {A}"
7433972,103293,1951 commemorative plate with 22 karat gold trim,163,5.0,1.0,4.0,0.0,2025-11-08T17:00:00-0500,2025-11-20T21:30:00-0500,126,4,False,"This is a commemorative plate created for the 1951 Royal Visit to Canada by Princess Elizabeth and the Duke of Edinburgh, Prince Philip. The plate features portraits of Princess Elizabeth (later Queen Elizabeth II) and Prince Philip. The text on the plate reads &#34;OCTOBER 1951&#34; and &#34;VISIT TO CANADA&#34;. The plate was manufactured by Cassidian and features 22-karat gold accents and a scalloped edge. This was Princess Elizabeth&#39;s first tour of Canada, which she undertook before she became queen. Excellent condition. Dimensions: 10x10x1 Pickup category timeslot {A}"
7433973,103293,Blue &#38; white porcelain bowl,413,3.0,1.0,2.0,0.0,2025-11-08T17:00:00-0500,2025-11-20T21:30:02-0500,127,3,True,This is a Japanese porcelain bowl with a &#34;Made in Japan&#34; mark on the bottom. It features a blue floral pattern around the outside and has a ribbed texture. No chips or cracks Dimensions: 7x7x3 Pickup category timeslot {A}
7433974,103293,Vintage pottery bowl,506,5.0,1.0,4.0,0.0,2025-11-08T17:00:00-0500,2025-11-20T21:31:00-0500,128,4,False,Dimensions 6.5” diameter x 3” height Excellent worn condition Dimensions: 7x7x3 Pickup category timeslot {A}
7433975,103293,Set of 3 small vases ,100,13.5,1.0,10.5,0.0,2025-11-08T17:00:00-0500,2025-11-20T21:34:15-0500,129,14,True,"Shades of blue, yellow and green. One has a small chip as seen in photo. Dimensions: 3x3x3 Pickup category timeslot {A}"
7433976,103293,Crown Ducal Art Deco pitcher ,264,3.0,1.0,2.0,0.0,2025-11-08T17:00:00-0500,2025-11-20T21:31:00-0500,130,2,False,"This is a vintage Crown Ducal Art Deco pitcher. It was likely manufactured in England in the 1930s or 1940s. Origin: Crown Ducal was a British pottery manufacturer founded in 1913 in Tunstall, Staffordshire, England. Style: The pitcher features a glossy red glaze with an Art Deco design. Dimensions: 4x3x6 Pickup category timeslot {A}"
7433977,103293,Set of 2 small vases ,96,10.25,1.0,9.25,0.0,2025-11-08T17:00:00-0500,2025-11-20T21:34:13-0500,131,12,True,Shades of red and burgundy. Excellent condition. Dimensions: 3x3x3 Pickup category timeslot {A}
7433978,103293,Antique porcelain teacup &#38; saucer ,102,2.0,1.0,1.0,0.0,2025-11-08T17:00:00-0500,2025-11-20T21:32:00-0500,132,1,False,Iridescent sheen on cup & saucer. Beautiful image of 3 children playing with 2 rabbits. Stamped 331 and 34 on bottom. Excellent condition. Dimensions: 3x2x2 Pickup category timeslot {A}
7433979,103293,Antique porcelain teacup &#38; saucer,157,2.0,1.0,1.0,0.0,2025-11-08T17:00:00-0500,2025-11-20T21:32:00-0500,133,1,False,Iridiscent sheen. Excellent condition. Beautiful design of 3 children playing with a goat. Bottom stamped with 34 and 351 and 219 Dimensions: 3x2x3 Pickup category timeslot {A}
7433980,103293,Nippon hand painted double spoon rest,179,2.0,1.0,1.0,0.0,2025-11-08T17:00:00-0500,2025-11-20T21:32:00-0500,134,1,False,Spoon caddy or server. This piece is made of fine porcelain china and features a floral pattern with gold trim. It is also referred to as a spooner or a spoon rest. Excellent condition. Dimensions: 8x2x3 Pickup category timeslot {A}
7433981,103293,22k gold trim saucers,129,1.0,1.0,0.0,0.0,2025-11-08T17:00:00-0500,2025-11-20T21:32:00-0500,135,0,False,"2 vintage saucers from the &#34;Treasure O&#39; Gold&#34; pattern by British Empire Ware. The saucers feature a burgundy and gold rim with a central snowflake-like design and a gold filigree pattern. The mark on the back of the saucer identifies it as &#34;British Empire Ware&#34; and &#34;Treasure O&#39; Gold,&#34; with &#34;22K GOLD&#34; also visible. British Empire Ware was a brand name used by the manufacturer J. & G. Meakin Dimensions: 6x6x1 Pickup category timeslot {A}"
7433982,103293,5 saucers,105,1.0,1.0,0.0,0.0,2025-11-08T17:00:00-0500,2025-11-20T21:33:00-0500,136,0,False,1. & 2. “Windsor Derby” hand decorated Warranted 24k Gold. T. Hughes & Son. 3. Swiss Pastimes T. Hughes & Son Ltd. Late Davenport Longport England. 4. Phoenix bone China T.F & Son Made in England 5. Foley English bone China made in England One small chip on one saucer Dimensions: 6x6x1 Pickup category timeslot {A}
7433983,103293,Beer Steins &#38; OXO mug,111,2.0,1.0,1.0,0.0,2025-11-08T17:00:00-0500,2025-11-20T21:33:00-0500,137,1,False,"1. German beer stein featuring the character Perkeo and the city of Heidelberg. The stein depicts Perkeo, a legendary court jester from Heidelberg, known for his love of wine. It also features the Heidelberg Castle and the city&#39;s famous large wine barrel, the Heidelberger Fass. 2. German stein with anchor & key. 3. This is a vintage OXO advertising mug, possibly from the 1910s. It is a collectible piece of memorabilia related to the OXO brand. The mug is made of white ceramic with a red OXO logo in a shield design. Excellent conditions Dimensions: 6x4x5 Pickup category timeslot {A}"
7433984,103293,Wade Bramble dishes,247,3.0,1.0,2.0,0.0,2025-11-08T17:00:00-0500,2025-11-20T21:33:00-0500,138,2,False,"The &#34;Bramble&#34; pattern features an embossed, textured background resembling a stone wall or basket weave. The design includes hand-painted leaves and berries in green and purple/wine colors, with dark brown branches. This style of pottery was produced in the mid-20th century, with some pieces dated to the 1950s This is a vintage Wade Bramble porcelain set from England. Includes many pieces of vintage Wade Bramble patterns, sugar bowl or preserve pot, milk jug, creamer, cups, plates, breakfast set with salt, pepper, honey pot, and tray. Made by Wade Ceramics, a company known for its pottery. Excellent condition. Pickup category timeslot {A}"
7433985,103293,Wade Bramble small plates,148,2.0,1.0,1.0,0.0,2025-11-08T17:00:00-0500,2025-11-20T21:33:00-0500,139,1,False,"Vintage Wade Bramble dishes, which are part of the &#34;Bramble&#34; collection by Wade of England. The dishes are characterized by a dimpled texture and a hand-painted design of blackberry vines and berries. Wade Ceramics was founded in 1810 and is known for its porcelain and earthenware products. The Bramble pattern was produced in the mid-20th century, specifically from 1948 to 1953. Excellent condition. Bring packing material. Dimensions: 4x4x1 Pickup category timeslot {A}"
7433986,103293,Large Wade Bramble bowl ,276,10.0,1.0,9.0,0.0,2025-11-08T17:00:00-0500,2025-11-20T21:34:00-0500,140,8,False,"Large 9&#34; diameter Vintage Wade Bramble bowl, part of the &#34;Bramble&#34; collection by Wade of England. Characterized by a dimpled texture and a hand-painted design of blackberry vines and berries. Wade Ceramics was founded in 1810 and is known for its porcelain and earthenware products. The Bramble pattern was produced in the mid-20th century, specifically from 1948 to 1953. Excellent condition. Dimensions: 9x9x4 Pickup category timeslot {A}"
7433987,103293,Wade Bramble seconds,123,1.0,1.0,0.0,0.0,2025-11-08T17:00:00-0500,2025-11-20T21:34:00-0500,141,0,False,"Each piece in this lot has wear, from small chips to bigger breaks. As is. Vintage Wade Bramble dishes, which are part of the &#34;Bramble&#34; collection by Wade of England. The dishes are characterized by a dimpled texture and a hand-painted design of blackberry vines and berries. Wade Ceramics was founded in 1810 and is known for its porcelain and earthenware products. The Bramble pattern was produced in the mid-20th century, specifically from 1948 to 1953. Bring packing material. Pickup category timeslot {A}"
7433988,103293,"Plastic wall tiles, vintage",219,1.0,1.0,0.0,0.0,2025-11-08T17:00:00-0500,2025-11-20T21:34:00-0500,142,0,False,"One incomplete box of Cermak cushion edge tiles in black marble. Made by Farrell Plastics Ltd. Not checked. Tiles are 4 1/4”x4 1/4” One incomplete box of vintage &#34;Economy Plastic Wall Tile&#34; in yellow marble. Manufactured by Farrell Plastics Ltd. in Toronto, Canada. Not checked. Pickup category timeslot {A}"
7433989,103293,Vintage food chopper in original box,178,2.0,1.0,1.0,0.0,2025-11-08T17:00:00-0500,2025-11-20T21:34:00-0500,143,1,False,"Vintage No. OK 10/2 Food Chopper, also known as a meat grinder, in its original box. The box indicates it was made by &#34;Beatrice.&#34; These types of manual food choppers, often made of cast iron, were popular in the late 19th & early 20th centuries. Collectible. Untested. See photos for condition. Pickup category timeslot {A}"
7433990,103293,"Cloisonné spoons, set of 5",759,73.0,1.0,68.0,0.0,2025-11-08T17:00:00-0500,2025-11-20T21:43:14-0500,144,29,True,"A set of five cloisonné spoons. Excellent condition. Cloisonné is an ancient technique for decorating metalwork objects with colored enamel. The colored enamel is held in place by metal strips or wire, which are typically made of gold. The spoons in the image feature floral and butterfly designs on the bowl of the spoon. Cloisonné was used in various cultures, including Chinese, Byzantine, and European. Dimensions: 1x5x1 Pickup category timeslot {A}"
7433991,103293,Eggshell dioramas,285,2.0,1.0,1.0,0.0,2025-11-08T17:00:00-0500,2025-11-20T21:35:00-0500,145,1,False,"A collection of vintage eggshell dioramas, which are also known as egg art or eggshell ornaments. They have hanging loops attached. These are handmade decorative items, made from chicken eggshells that have been hollowed out. The shells are typically cut open to create a small opening, and a miniature scene or diorama is created inside. The scenes include various themes, such as woodland scenes, holiday motifs (like Christmas or Easter). The exteriors of the eggshells are decorated with materials like fabric, beads, ribbon, and other trims. Excellent condition. Pickup category timeslot {A}"
7433992,103293,Christmas lights &#38; 2 treetop decorations,541,4.0,1.0,3.0,0.0,2025-11-08T17:00:00-0500,2025-11-20T21:35:00-0500,146,4,False,"Two vintage treetop decorations, untested. Large collection of Christmas lights and wiring. Not checked for completeness, but lot includes many extra replacement bulbs. Pickup category timeslot {A}"
7433993,103293,31 Santa Land Christmas tree ball ornaments,1566,53.0,1.0,48.0,0.0,2025-11-08T17:00:00-0500,2025-11-20T21:35:00-0500,147,25,False,"3 vintage boxes of Santa Land Christmas Tree Ornaments with 31 balls. The boxes contains red, green, pink, blue, orange and gold glass ball ornaments. The box is labeled &#34;Santa Land Christmas Tree Ornaments&#34; and &#34;Boules de Noël&#34; (French for &#34;Christmas Balls&#34;). The box itself is part of the vintage appeal, with a retro design and a 1976 date printed on it. Dimensions: 2x2x2 Pickup category timeslot {A}"
7433994,103293,12 Santa Land fancy Christmas tree ornaments,2500,85.0,1.0,80.0,0.0,2025-11-08T17:00:00-0500,2025-11-20T21:36:00-0500,148,19,False,"This is a vintage box of Santa Land Christmas Tree Ornaments. The box is labeled &#34;Boules de Noël&#34; (Christmas Balls) and has a handwritten note &#34;1976&#34; on it. The ornaments are glass and feature various shapes and colors, including indented designs. Product: Vintage Santa Land Christmas Tree Ornaments Condition: The ornaments are in their original box, which shows signs of age. 2 ornaments are damaged. Features: The set includes a variety of glass ornaments with different shapes, colors, and indented designs. Dimensions: 2x2x2 Pickup category timeslot {A}"
7433995,103293,Christmas decorations,1198,26.0,1.0,23.0,0.0,2025-11-08T17:00:00-0500,2025-11-20T21:36:00-0500,149,15,False,"Vintage Christmas decorations, including Shiny Brite ornaments box, vintage gift tags, and gift seals. Shiny Brite ornaments are a popular type of vintage Christmas decoration that became widely produced in the United States during World War II when imports from Germany stopped. They are known for their colorful, hand-blown glass and are sought after by collectors. The Shiny Brite box and &#34;Gift Dressings&#34; envelope which include cards, tags, and seals. Not checked for completeness Pickup category timeslot {A}"
7433996,103293,Holiday candles &#38; more,145,2.0,1.0,1.0,0.0,2025-11-08T17:00:00-0500,2025-11-20T21:36:00-0500,150,1,False,"Partylite votive candles: Holiday spices scent, and Balsam pine/Evergreen scent Candlelite votive candles: Rain forest scent. Set of 3 nesting boxes Melina coffee pot, new Mother & child sculpture Stemmed glass Wade England ornament: colourful pot and goose. Note crack & damage. Pickup category timeslot {A}"
7433997,103293,Royal Ariston Canadian ceramic vases,204,14.0,1.0,11.0,0.0,2025-11-08T17:00:00-0500,2025-11-20T21:36:00-0500,151,8,False,"“The best in ceramics Royal Ariston” was a brand of Canadian pottery, also known as Importex Company or BC Ceramics. The company was active from approximately 1945 to 1955. Pair of vintage ceramic wall pocket vases. They are a deep red color with a glazed finish. The vases are made of ceramic and have an Art Deco design. They are also known as &#34;wall pocket&#34; vases, designed to be hung on a wall. Pair of swan vases, bottom stamped Royal Ariston, British Columbia. Excellent condition. Dimensions: 3x2x4 Pickup category timeslot {A}"
7433998,103293,Eaton 100th anniversary plate and box,226,7.0,1.0,6.0,0.0,2025-11-08T17:00:00-0500,2025-11-20T21:37:30-0500,152,4,True,"Commemorative trinket plate made by Wedgwood for Eaton&#39;s 100th anniversary in 1969. The plate is made of blue jasperware. It was produced to celebrate the Canadian department store chain, Eaton&#39;s, which was founded in 1869. The plate is approximately 4 3/8 inches in diameter. Excellent condition. Includes box. Dimensions: 4x4x1 Pickup category timeslot {A}"
7433999,103293,Eaton ltd. edition commemorative plate &#38; certificate ,283,3.0,1.0,2.0,0.0,2025-11-08T17:00:00-0500,2025-11-20T21:37:00-0500,153,2,False,"Limited edition (Number 100 of 1,500) decorative plate created by Wedgwood to commemorate the opening of the T. Eaton Company&#39;s Toronto Eaton Centre in February 1977. The plate is made of pale blue and white Jasperware and depicts a view through the three-level enclosed shopping street. The plate depicts a view of the shopping street within the Eaton Centre. The Eaton Centre&#39;s flagship store was one of the world&#39;s largest at the time, with nearly 1,000,000 square feet of retail space. Includes presentation box in blue velvet, certificate and detailed write up. Excellent condition. Dimensions: 8x8x1 Pickup category timeslot {A}"
7434000,103293,Navy blue &#38; gold silk scarf,493,6.0,1.0,5.0,0.0,2025-11-08T17:00:00-0500,2025-11-20T21:37:00-0500,154,5,False,"100% pure silk scarf. House of Tuscany, made in Italy. 56&#34; long x 11&#34; wide. New in box. Dimensions: 11x56x1 Pickup category timeslot {A}"
7434001,103293,Vintage leather-bound document holder ,175,1.0,1.0,0.0,0.0,2025-11-08T17:00:00-0500,2025-11-20T21:37:00-0500,155,0,False,"This is a vintage folder from the Continental Life Insurance Company, which was a Canadian company established in 1899. The folder is a collectible item related to Canadian insurance history. The Continental Life Insurance Co. was later acquired and became part of the Great-West Lifeco group of companies. The folder features multiple folders for valuables. Excellent condition. Dimensions: 5x1x11 Pickup category timeslot {A}"
